ID,Smiles,Z Score,Class,Class 2
1,B(C(CC(C)C)NC(=O)C(CC1=CC=CC=C1)NC(=O)C2=NC=CN=C2)(O)O,-0.046604723,1,1
2,C(CCl)NC(=O)N(CCCl)N=O,-0.774698994,1,1
3,C=CC(=O)N1CCCC(C1)N2C3=NC=NC(=C3C(=N2)C4=CC=C(C=C4)OC5=CC=CC=C5)N,-0.293092204,1,1
4,C1=C(C(=O)NC(=O)N1)F,-1.392010897,1,2
5,C1=CC(=C(C(=C1)F)N(C2=NC(=C(C=C2)C(=O)N)C3=C(C=C(C=C3)F)F)C(=O)N)F,0.382027205,0,1
6,C1=CC(=C(C=C1I)F)NC2=C(C=CC(=C2F)F)C(=O)NOCC(CO)O,-1.133900588,1,2
7,C1=CC(=C2C(=C1NCCNCCO)C(=O)C3=C(C=CC(=C3C2=O)O)O)NCCNCCO,-1.301975007,1,2
8,C1=CC(=CC(=C1)NC(=O)C2=C(C(=CC=C2)O)O)NC(=O)C3=C(C(=CC=C3)O)O,-0.665676316,1,1
9,C1=CC(=CC=C1C=C2C(=O)NC(=N)S2)O,-0.354358994,1,1
10,C1=CC(=CC=C1C2=CNN=C2)C(CN)(C3=CC=C(C=C3)Cl)O,-1.17808883,1,2
11,C1=CC(=CC=C1S(=O)(=O)N(CC2=C(C=C(C=C2)C3=NOC=N3)F)C(CCC(F)(F)F)C(=O)N)Cl,-0.32659032,1,1
12,C1=CC=C(C(=C1)C2=CC3=C(C4=C(N3)C=CC(=C4)O)C5=C2C(=O)NC5=O)Cl,0.001618768,0,1
13,C1=CC=C(C(=C1)N)NC(=O)C2=CC=C(C=C2)CNC(=O)OCC3=CN=CC=C3,-0.210714122,1,1
14,C1=CC=C(C=C1)CC(=O)NC2=NN=C(S2)CCSCCC3=NN=C(S3)NC(=O)CC4=CC=CC=C4,-2.350983287,1,2
15,C1=CC=C(C=C1)CN2C3=CC=CC=C3C(=C(C2=O)C(=O)NCC(=O)O)O,-1.093663917,1,2
16,C1=CC=C(C=C1)COC2=C(C=C(C=C2)C3=CC(=NC=C3)F)C(=O)NC4=CN=CC=C4,-0.593468761,1,1
17,C1=CC=C(C=C1)NC(=O)CCCCCCC(=O)NO,-0.652973743,1,1
18,C1=CC=C2C(=C1)C(=CC(=C2O)SCC(=O)O)NS(=O)(=O)C3=CC=C(C=C3)Br,-0.667377066,1,1
19,C1=CC=C2C(=C1)C(=CC(=N2)NC(=O)C3=CC(=CC(=N3)C(=O)NC4=NC5=CC=CC=C5C(=C4)OCCN)OCCN)OCCN,-1.634042543,1,2
20,C1=CC=C2C(=C1)C(=CN2)CCNC3=CC=C(C=C3)NC4=CC=NC=C4,0.883934817,0,1
21,C1=CC=NC(=C1)C(=O)O,0.587073505,0,1
22,C1=CC2=C(C=CC(=C2)C=C3C(=O)NC(=NCC4=CC=CS4)S3)N=C1,-0.911143634,1,1
23,C1=CN(C(=O)N=C1N)C2C(C(C(O2)CO)O)(F)F,-1.017741294,1,2
24,C1=CN(C(=O)N=C1N)C2C(C(C(O2)CO)O)O,-1.208872968,1,2
25,C1=CN(C=N1)CC(O)(P(=O)(O)O)P(=O)(O)O,0.553162854,0,1
26,C1=NC(=C(N1C2C(C(C(O2)COP(=O)(O)O)O)O)N)C(=O)N,0.556879712,0,1
27,C1=NC2=C(N=C(N=C2N1C3C(C(C(O3)CO)O)O)F)N,-0.09536656,1,1
28,C1CC(=CC2=CC=CS2)C(=O)C1=CC3=CC=CS3,1.428320333,0,0
29,C1CC(=O)NC(=O)C1N2CC3=C(C2=O)C=CC=C3N,0.398703811,0,1
30,C1CC(C1)(C2=CC=C(C=C2)C3=C(C=C4C(=N3)C=CN5C4=NNC5=O)C6=CC=CC=C6)N,-0.254668063,1,1
31,C1CC(C1)NC2=NC=CC(=C2)C(=O)NCC(CN3CCC4=CC=CC=C4C3)O,-0.821627778,1,1
32,C1CC(CN(C1)C2=C(C=CC=C2C3=CC=CC=C3)C=C4C(=O)NC(=O)S4)N,0.281277503,0,1
33,C1CC(CNC1)C2=CC=C(C=C2)N3C=C4C=CC=C(C4=N3)C(=O)N,-0.031324046,1,1
34,C1CC(CNC1)NC(=O)C2=C(C=C(S2)C3=CC(=CC=C3)F)NC(=O)N,-0.06922554,1,1
35,C1CC1C(=O)N2CCN(CC2)C(=O)C3=C(C=CC(=C3)CC4=NNC(=O)C5=CC=CC=C54)F,-0.267624761,1,1
36,C1CC1NS(=O)(=O)C2=CC(=C(C=C2)C3=CSC=C3)NC(=O)NC4=CC=CC(=C4)C(F)(F)F,-1.03900742,1,2
37,C1CC2=C(C(=NN2C1)C3=CC=CC=N3)C4=C5C=CC(=CC5=NC=C4)OCCN6CCOCC6,-0.753870647,1,1
38,C1CC2=C(C=C(C=C2)C3=NC(=C(S3)CCCOC4=CC=C(C=C4)CN)C(=O)O)C(=NNC5=NC6=CC=CC=C6S5)C1,1.000042798,0,0
39,C1CC2=CC=CC=C2C1NC3=C4C=CN(C4=NC=N3)C5CC(C(C5)O)COS(=O)(=O)N,-0.553754431,1,1
40,C1CCC(C(C1)[NH-])[NH-].C(=O)(C(=O)O)O.[Pt+2],-1.578371984,1,2
41,C1CCC(C(C1)N)NC2=NC=C(C(=N2)NC3=CC(=CC=C3)N4N=CC=N4)C(=O)N,-0.927687161,1,1
42,C1CCC(C1)C(CC#N)N2C=C(C=N2)C3=C4C=CNC4=NC=N3,-0.742509145,1,1
43,C1CCN(C1)C(=O)NC2=CC=CC(=C2)NC3=NC=C(C(=N3)NCCCNC(=O)C4=CC=CS4)I,-0.909632677,1,1
44,C1CCN(C1)CC2CC(C2)N3C=C(C4=C(N=CN=C43)N)C5=CC(=CC=C5)OCC6=CC=CC=C6,-0.124428701,1,1
45,C1CN(CC1C(=O)NC2=CC3=C(C=C2)NN=C3C4=CC=NC=C4)CC(=O)N5CCN(CC5)C6=CC=C(C=C6)C7=NC=CC=N7,-0.854478519,1,1
46,C1CN(CCC1(C(=O)NC(CCO)C2=CC=C(C=C2)Cl)N)C3=NC=NC4=C3C=CN4,-0.255682634,1,1
47,C1CN(CCC1(C(=O)NC(CCO)C2=CC=C(C=C2)Cl)N)C3=NC=NC4=C3C=CN4,0.03537591,0,1
48,C1CN(CCC1CCCCNC(=O)C=CC2=CN=CC=C2)C(=O)C3=CC=CC=C3,-0.126108772,1,1
49,C1CNP(=O)(OC1)N(CCCl)CCCl,0.428268018,0,1
50,C1COCCN1C2=CC(=O)C=C(O2)C3=C4C(=CC=C3)SC5=CC=CC=C5S4,-1.472236894,1,2
51,C1COCCN1C2=CC=C(C=C2)C3=C(C=NC=C3)C4=CC(=C(C(=C4)F)O)F,-0.663232946,1,1
52,C1COCCN1C2=CC=C(C=C2)NC3=NC(=CN4C3=NC=C4)C5=CC6=C(C=C5)C=NN6,-1.383881668,1,2
53,C1COCCN1C2=NC(=NC(=C2)C3=CN=C(C=C3C(F)(F)F)N)N4CCOCC4,-0.707094815,1,1
54,C1COCCN1CC2=CC(=O)C(=CO2)OCCCCCSC3=C4C=CC(=CC4=NC=C3)C(F)(F)F.Cl.Cl,-0.700466196,1,1
55,C1CSCC2=C1N=C(NC2=O)C3=CC=C(C=C3)C(F)(F)F,-0.446913278,1,1
56,CC(=CC(=O)NC1=CC=CC=C1C(=O)O)C2=CC3=CC=CC=C3C=C2,0.565275912,0,1
57,CC(=CC(=O)OC1CC2=CC(CC3(C(O3)C4C1C(=C)C(=O)O4)C)OC2=O)C,-0.691713719,1,1
58,CC(=O)C1=CC(=C(S1)SC2=C(C=C(C=C2)F)F)[N+](=O)[O-],0.731802448,0,1
59,CC(=O)N1CCN(CC1)CCOC2=CC=C(C=C2)C3CCN(CC3)C4=NN5C(=NN=C5C(F)(F)F)CC4,-0.140473811,1,1
60,CC(=O)OC1=CC=C(C=C1)C2(C3=CC=CC=C3NC2=O)C4=CC=C(C=C4)OC(=O)C,0.156903794,0,1
61,CC(C(=O)NC(C1CCCCC1)C(=O)N2CCCC2C(=O)NC3C(CC4=CC=CC=C34)OCC#CC#CCOC5CC6=CC=CC=C6C5NC(=O)C7CCCN7C(=O)C(C8CCCCC8)NC(=O)C(C)NC)NC,0.358652573,0,1
62,CC(C(=O)NC(C1CCCCC1)C(=O)N2CCCC2C3=NC(=CS3)C(=O)C4=CC=C(C=C4)F)NC,0.108592833,0,1
63,CC(C)(C#N)C1=CC=C(C=C1)N2C3=C4C=C(C=CC4=NC=C3N(C2=O)C)C5=CC6=CC=CC=C6N=C5,-1.531215466,1,2
64,CC(C)(C)C1=NC(=C(S1)C2=NC(=NC=C2)N)C3=C(C(=CC=C3)NS(=O)(=O)C4=C(C=CC=C4F)F)F,-0.333313584,1,1
65,CC(C)(C)NS(=O)(=O)C1=CN=CC(=C1)C2=CN3C(=NC(=N3)N)C(=C2)F,0.64755957,0,1
66,CC(C)(C1=NC(=CC=C1)N2C3=NC(=NC=C3C(=O)N2CC=C)NC4=CC=C(C=C4)N5CCN(CC5)C)O,0.306198279,0,1
67,CC(C)C1=CC=C(C=C1)C2=CC(=O)C3=CC=CC=C3O2,-0.260661649,1,1
68,CC(C)C1=CC=CC=C1CC2=CC(=C(C(=C2O)O)O)C(=O)NC3=CC=C(C=C3)S(=O)(=O)C4=CC=CC=C4C(C)(C)C,-1.66778614,1,2
69,CC(C)C1CC2=C(O1)C=CC3=C2OC4COC5=CC(=C(C=C5C4C3=O)OC)OC,-0.590656742,1,1
70,CC(C)CC(C=O)NC(=O)C(CC(C)C)NC(=O)C(CC(C)C)NC(=O)OCC1=CC=CC=C1,0.06384966,0,1
71,CC(C)N(CC1C(C(C(O1)N2C=NC3=C(N=CN=C32)N)O)O)C4CC(C4)CCC5=NC6=C(N5)C=C(C=C6)C(C)(C)C,1.223210926,0,0
72,CC(C)N(CCCNC(=O)NC1=CC=C(C=C1)C(C)(C)C)CC2C(C(C(O2)N3C=C(C4=C(N=CN=C43)N)Br)O)O,0.598966636,0,1
73,CC(C)N(CCCNC(=O)NC1=CC=C(C=C1)C(C)(C)C)CC2C(C(C(O2)N3C=CC4=C(N=CN=C43)N)O)O,0.662470183,0,1
74,CC(C)NC1=NC=C(C(=C1)C2=CNC(=C2)C(=O)NC(CO)C3=CC(=CC=C3)Cl)Cl,-1.232262051,1,2
75,CC(C)OC1=C(C=CC(=C1)OC)C2=NC(C(N2C(=O)N3CCNC(=O)C3)C4=CC=C(C=C4)Cl)C5=CC=C(C=C5)Cl,-1.516903221,1,2
76,CC(C)OC1=NNC(=C1)NC2=NC(=NC=C2Cl)NC(C)C3=NC=C(C=C3)F,-1.034658393,1,2
77,CC(C)S(=O)(=O)C1=CC=C(C=C1)C2=CN=C(C(=N2)C3=CC(=NO3)C4=CC=C(C=C4)CNC)N,-0.738923849,1,1
78,CC(C1=C(C=CC(=C1Cl)F)Cl)OC2=C(N=CC(=C2)C3=CN(N=C3)C4CCNCC4)N,0.162110398,0,1
79,CC(C1=C(N=C2C=C(C=CC2=C1)F)C3=CC=CC=N3)NC4=NC=NC5=C4NC=N5,-0.025679949,1,1
80,CC(C1=CC(=CC2=C1OC(=CC2=O)N3CCOCC3)C(=O)N(C)C)NC4=CC(=CC(=C4)F)F,-0.778596254,1,1
81,CC(C1=CN2C=CN=C2C=C1)N3C4=NC(=CN=C4N=N3)C5=CN(N=C5)C,0.848535943,0,1
82,CC(C1=CN2C=CN=C2C=C1)N3C4=NC(=CN=C4N=N3)C5=CN(N=C5)C,0.755528002,0,1
83,CC(CS(=O)(=O)C1=CC=C(C=C1)F)(C(=O)NC2=CC(=C(C=C2)C#N)C(F)(F)F)O,0.038941188,0,1
84,CC1(CC(C1)C2=NC(=C3N2C=CN=C3N)C4=CC5=C(C=C4)C=CC(=N5)C6=CC=CC=C6)O,-0.42052509,1,1
85,CC1(CCC(=C(C1)C2=CC=C(C=C2)Cl)CN3CCN(CC3)C4=CC(=C(C=C4)C(=O)NS(=O)(=O)C5=CC(=C(C=C5)NCC6CCOCC6)[N+](=O)[O-])OC7=CN=C8C(=C7)C=CN8)C,-0.169994901,1,1
86,CC1(CCC(=C(C1)CN2CCN(CC2)C3=CC=C(C=C3)C(=O)NS(=O)(=O)C4=CC(=C(C=C4)NC(CCN5CCOCC5)CSC6=CC=CC=C6)S(=O)(=O)C(F)(F)F)C7=CC=C(C=C7)Cl)C,0.123539889,0,1
87,CC1(CCCN1)C2=NC3=C(C=CC=C3N2)C(=O)N,0.229276499,0,1
88,CC1(CNC2=C1C=CC(=C2)NC(=O)C3=C(N=CC=C3)NCC4=CC=NC=C4)C,1.029351261,0,0
89,CC1=[N+](C2=C(N1CCOC)C(=O)C3=CC=CC=C3C2=O)CC4=NC=CN=C4.[Br-],-0.890529953,1,1
90,CC1=C(C(=CC=C1)Cl)NC(=O)C2=CN=C(S2)NC3=CC(=NC(=N3)C)N4CCN(CC4)CCO,-0.888823417,1,1
91,CC1=C(C(=O)N(C2=NC(=NC=C12)NC3=NC=C(C=C3)N4CCNCC4)C5CCCC5)C(=O)C,-0.986138687,1,1
92,CC1=C(C(CCC1)(C)C)C=CC(=CC=CC(=CC(=O)O)C)C,-0.77492723,1,1
93,CC1=C(C=C(C=C1)C(=O)NC2=CC(=CC(=C2)C(F)(F)F)N3C=C(N=C3)C)NC4=NC=CC(=N4)C5=CN=CC=C5,-0.161990364,1,1
94,CC1=C(C=NO1)C(=O)NC2=CC=C(C=C2)C(F)(F)F,0.453936691,0,1
95,CC1=C(N=C(N=C1N)C(CC(=O)N)NCC(C(=O)N)N)C(=O)NC(C(C2=CN=CN2)OC3C(C(C(C(O3)CO)O)O)OC4C(C(C(C(O4)CO)O)OC(=O)N)O)C(=O)NC(C)C(C(C)C(=O)NC(C(C)O)C(=O)NCCC5=NC(=CS5)C6=NC(=CS6)C(=O)NCCC[S+](C)C)O,-0.86012624,1,1
96,CC1=C(N=C(N=C1N)C(CC(=O)N)NCC(C(=O)N)N)C(=O)NC(C(C2=CN=CN2)OC3C(C(C(C(O3)CO)O)O)OC4C(C(C(C(O4)CO)O)OC(=O)N)O)C(=O)NC(C)C(C(C)C(=O)NC(C(C)O)C(=O)NCCC5=NC(=CS5)C6=NC(=CS6)C(=O)NCCC[S+](C)C)O,-1.139354596,1,2
97,CC1=C(SC(=N1)NC(=O)N2CCCC2C(=O)N)C3=CC(=NC=C3)C(C)(C)C(F)(F)F,-0.554689332,1,1
98,CC1=C(SC2=C1C(=NC(C3=NN=C(N32)C)CC(=O)NC4=CC=C(C=C4)O)C5=CC=C(C=C5)Cl)C,-0.735798561,1,1
99,CC1=C(SC2=C1C(=NC(C3=NN=C(N32)C)CC(=O)OC(C)(C)C)C4=CC=C(C=C4)Cl)C,0.2484223,0,1
100,CC1=C(SC2=C1N=C(N=C2N3CCOCC3)C4=CN=C(N=C4)N)C5(COC5)OC,-1.351074219,1,2
101,CC1=C2C(=C(N(C1=O)C)NC3=C(C=C(C=C3)I)F)C(=O)N(C(=O)N2C4=CC=CC(=C4)NC(=O)C)C5CC5,-1.231554113,1,2
102,CC1=C2C(=NN1C)CSCC3=NN(C(=C3)CSC4=CC5=CC=CC=C5C(=C4)OCCCC6=C(N(C7=C6C=CC(=C27)Cl)C)C(=O)O)C,0.487815961,0,1
103,CC1=C2C(C(=O)C3(C(CC4C(C3C(C(C2(C)C)(CC1OC(=O)C(C(C5=CC=CC=C5)NC(=O)C6=CC=CC=C6)O)O)OC(=O)C7=CC=CC=C7)(CO4)OC(=O)C)O)C)OC(=O)C,-0.927956046,1,1
104,CC1=C2C(C(=O)C3(C(CC4C(C3C(C(C2(C)C)(CC1OC(=O)C(C(C5=CC=CC=C5)NC(=O)OC(C)(C)C)O)O)OC(=O)C6=CC=CC=C6)(CO4)OC(=O)C)O)C)O,-1.087665186,1,2
105,CC1=CC(=C(N1)C=C2C(=CC(=C3C=C4C=CC=CC4=N3)N2)OC)C.CS(=O)(=O)O,-0.649306948,1,1
106,CC1=CC(=CC(=C1OCCO)C)C2=NC3=C(C(=CC(=C3)OC)OC)C(=O)N2,-0.464590373,1,1
107,CC1=CC(=CC2=C1N=C(N2)C3=C(C=CNC3=O)NCC(C4=CC(=CC=C4)Cl)O)N5CCOCC5,-0.857901344,1,1
108,CC1=CC(=CN=C1C2=CC(=NC=C2)C)CC(=O)NC3=NC=C(C=C3)C4=NC=CN=C4,-0.401470842,1,1
109,CC1=CC(=NN1)NC2=C(C=C(C(=N2)NC(C)C3=CC=C(C=C3)F)C#N)F,-0.571936722,1,1
110,CC1=CC(=NN1)NC2=NC(=NC=C2Cl)NC(C)C3=NC=C(C=N3)F,-0.496018733,1,1
111,CC1=CC=C(C=C1)C(=O)N(CCCN)C(C2=NC3=C(C(=NS3)C)C(=O)N2CC4=CC=CC=C4)C(C)C,-0.847596897,1,1
112,CC1=CC=C(C=C1)N2C(=CC(=N2)C(C)(C)C)NC(=O)NC3=CC=C(C4=CC=CC=C43)OCCN5CCOCC5,0.338646509,0,1
113,CC1=CC=CC=C1C(C(=O)NC2CCCCC2)N(C3=CC(=CC=C3)F)C(=O)CN4C=CN=C4C,0.296754882,0,1
114,CC1=CC2=C(C(=C(C=C2C(=C1C3=C(C4=CC(=C(C(=C4C=C3C)C(=O)NCC(C)C5=CC=CC=C5)O)O)O)O)O)O)C(=O)NCC(C)C6=CC=CC=C6,-1.689689316,1,2
115,CC1=CC2=C(C=C1)N=C(C3=NC=C(N23)C)NCCN.Cl,-0.715482874,1,1
116,CC1=CC2=C(N1)C=CC(=C2F)OC3=NC=NC4=CC(=C(C=C43)OC)OCCCN5CCCC5,-0.099575063,1,1
117,CC1=CCCC(C2CC(CCC3(C(O3)CC1)C)C(=C)C(=O)O2)(C)O,-0.59781682,1,1
118,CC1=CN=C(N=C1C2=CNC(=C2)C(=O)NC(CO)C3=CC(=CC=C3)Cl)NC4=C(C=C(C=C4)F)Cl,-1.326319209,1,2
119,CC1=CN=C(N=C1C2=CNC(=C2)C(=O)NC(CO)C3=CC(=CC=C3)Cl)NC4=C(C=C(C=C4)F)Cl,-1.262370592,1,2
120,CC1=CN=C(N=C1NCC2=CC=C(C=C2)N3C=CN=N3)C4=CC=CC=C4C(C)C,-0.61929249,1,1
121,CC1=CN=C(N1)C2=CN=C(N=C2C3=C(C=C(C=C3)Cl)Cl)NCCNC4=NC=C(C=C4)C#N,0.348537489,0,1
122,CC1=CN=C(N1)C2=CN=C(N=C2C3=C(C=C(C=C3)Cl)Cl)NCCNC4=NC=C(C=C4)C#N,-1.140607511,1,2
123,CC1=CN2C(=O)C=C(N=C2C(=C1)C(C)NC3=CC=CC=C3C(=O)O)N4CCOCC4,-0.019341612,1,1
124,CC1=CSC(=NC2CCCCC2)N1N=CC3=C(C(=C(C=C3)O)O)O,-0.798668645,1,1
125,CC1=NC(=CC=C1)C2=C(N=C(N2)C(C)(C)C)C3=CC4=C(C=C3)OCO4,-0.045068491,1,1
126,CC1=NC=C(N1C(C)C)C2=NC(=NC=C2)NC3=CC=C(C=C3)S(=O)(=O)C,-0.671039635,1,1
127,CC1=NC=CC(=C1)C2=CC=C(C=C2)CC(=O)NC3=CC=C(C=C3)C4=CN=CC=C4,-1.346165875,1,2
128,CC1=NN(C(=N1)C2=CN3CCOC4=C(C3=N2)C=CC(=C4)C5=CN(N=C5)C(C)(C)C(=O)N)C(C)C,-0.656375836,1,1
129,CC12C(C(CC(O1)N3C4=CC=CC=C4C5=C6C(=C7C8=CC=CC=C8N2C7=C53)CNC6=O)NC)OC,-1.243154246,1,2
130,CC12C(CC(O1)N3C4=CC=CC=C4C5=C6C(=C7C8=CC=CC=C8N2C7=C53)CNC6=O)(CO)O,-1.005280168,1,2
131,CC12CCC3C(C1CCC2O)C(CC4=C3C=CC(=C4)O)CCCCCCCCCS(=O)CCCC(C(F)(F)F)(F)F,-1.711738519,1,2
132,CC1C(=O)N(CCN1CCOC2=CC=C(C=C2)C3CCN(CC3)C4=NN5C(=NN=C5OC)C=C4)C,-1.003856627,1,2
133,CC1C(C(=O)NC(C(=O)N2CCCC2C(=O)N(CC(=O)N(C(C(=O)O1)C(C)C)C)C)C(C)C)NC(=O)C3=C4C(=C(C=C3)C)OC5=C(C(=O)C(=C(C5=N4)C(=O)NC6C(OC(=O)C(N(C(=O)CN(C(=O)C7CCCN7C(=O)C(NC6=O)C(C)C)C)C)C(C)C)C)N)C,-1.128841042,1,2
134,CC1C(C(C(C(O1)OC2=C(OC3=CC(=CC(=C3C2=O)O)O)C4=CC=C(C=C4)O)O)OC(=O)C)OC(=O)C,1.239337574,0,0
135,CC1C(C(CC(O1)OC2CC(CC3=C2C(=C4C(=C3O)C(=O)C5=C(C4=O)C(=CC=C5)OC)O)(C(=O)CO)O)N)O,-0.428637516,1,1
136,CC1C(C(CC(O1)OC2CC(CC3=C2C(=C4C(=C3O)C(=O)C5=C(C4=O)C(=CC=C5)OC)O)(C(=O)CO)O)N)O,-0.949195085,1,1
137,CC1CC(C(C(C=C(C(C(C=CC=C(C(=O)NC2=CC(=O)C(=C(C1)C2=O)NCC=C)C)OC)OC(=O)N)C)C)O)OC,-3.060714317,1,2
138,CC1CC(C2=C1C(=NC=N2)N3CCN(CC3)C(=O)C(CNC(C)C)C4=CC=C(C=C4)Cl)O,-0.339898279,1,1
139,CC1CC=CC(=O)C(C(CC=CC2=C(C(=CC(=C2)OC)O)C(=O)O1)O)O,-0.819093972,1,1
140,CC1CCC2CC(C(=CC=CC=CC(CC(C(=O)C(C(C(=CC(C(=O)CC(OC(=O)C3CCCCN3C(=O)C(=O)C1(O2)O)C(C)CC4CCC(C(C4)OC)O)C)C)O)OC)C)C)C)OC,-1.208105457,1,2
141,CC1CCC2CC(C(=CC=CC=CC(CC(C(=O)C(C(C(=CC(C(=O)CC(OC(=O)C3CCCCN3C(=O)C(=O)C1(O2)O)C(C)CC4CCC(C(C4)OC)OC(=O)C(C)(CO)CO)C)C)O)OC)C)C)C)OC,-1.395650419,1,2
142,CC1CN(CC(N1)C)C2=CC=C(C=C2)C(=O)NC3=NNC(=C3)CCC4=CC(=CC(=C4)OC)OC,0.266262335,0,1
143,CC1CN(CC(O1)C)CC(=O)NC2=CC3=C(C=C2)SC4=C(C3)C=CC=C4C5=CC(=O)C=C(O5)N6CCOCC6,-0.737373557,1,1
144,CC1CN(CCN1C(=O)OC2=C(C=C3C(=C2)C(=NC=N3)NC4=C(C(=CC=C4)Cl)F)OC)C,-0.667111277,1,1
145,CC1COCCN1C2=NC(=NC(=C2)C3(CC3)S(=N)(=O)C)C4=C5C=CNC5=NC=C4,-0.190058029,1,1
146,CC1COCCN1C2=NC(=NC(=C2)C3(CC3)S(=O)(=O)C)C4=C5C=CNC5=CC=C4,-1.018098395,1,2
147,CC1COCCN1C2=NC(=NC3=C2C=CC(=N3)C4=CC(=C(C=C4)OC)CO)N5CCOCC5C,-1.633700486,1,2
148,CC1COCCN1C2=NC(=NC3=C2C=CC(=N3)C4=CC(=CC=C4)C(=O)NC)N5CCOCC5C,-1.879820668,1,2
149,CCC(=C(C1=CC=C(C=C1)C=CC(=O)O)C2=CC3=C(C=C2)NN=C3)C4=C(C=C(C=C4)F)Cl,-0.111333921,1,1
150,CCC(=C(C1=CC=CC=C1)C2=CC=C(C=C2)OCCN(C)C)C3=CC=CC=C3,-0.258583749,1,1
151,CCC(=O)NC1=CC(=CC=C1)OC2=NC(=NC=C2Cl)NC3=C(C=C(C=C3)N4CCN(CC4)C)OC,-0.774370432,1,1
152,CCC(=O)OCN1C(=O)C=CC1=O,0.654135637,0,1
153,CCC1(C2=C(COC1=O)C(=O)N3CC4=CC5=C(C=CC(=C5CN(C)C)O)N=C4C3=C2)O,-0.408453321,1,1
154,CCC1(C2=C(COC1=O)C(=O)N3CC4=CC5=CC=CC=C5N=C4C3=C2)O,-0.524056087,1,1
155,CCC1(CC2CC(C3=C(CCN(C2)C1)C4=CC=CC=C4N3)(C5=C(C=C6C(=C5)C78CCN9C7C(C=CC9)(C(C(C8N6C)(C(=O)OC)O)OC(=O)C)CC)OC)C(=O)OC)O,-0.421098877,1,1
156,CCC1(CC2CC(C3=C(CCN(C2)C1)C4=CC=CC=C4N3)(C5=C(C=C6C(=C5)C78CCN9C7C(C=CC9)(C(C(C8N6C=O)(C(=O)OC)O)OC(=O)C)CC)OC)C(=O)OC)O,-0.35191228,1,1
157,CCC1=C2CN3C(=CC4=C(C3=O)COC(=O)C4(CC)O)C2=NC5=C1C=C(C=C5)OC(=O)N6CCC(CC6)N7CCCCC7,-0.06711781,1,1
158,CCC1=C2CN3C(=CC4=C(C3=O)COC(=O)C4(CC)O)C2=NC5=C1C=C(C=C5)OC(=O)N6CCC(CC6)N7CCCCC7.C1C(N(C2=C(N1)N=C(NC2=O)N)C=O)CNC3=CC=C(C=C3)C(=O)NC(CCC(=O)O)C(=O)O.C1=C(C(=O)NC(=O)N1)F,-0.075657615,1,1
159,CCC1=C2N=C(C=C(N2N=C1)NCC3=C[N+](=CC=C3)[O-])N4CCCCC4CCO,-0.722784516,1,1
160,CCC1=CC(=C(C=C1N2CCC(CC2)N3CCN(CC3)S(=O)(=O)C)OC)NC4=NC=CC(=N4)C5=C(N=C6N5C=CC=C6)C7=CC(=C(C=C7)OC)C(=O)NC8=C(C=CC=C8F)F,-0.805455466,1,1
161,CCC1=CC(=C(C=C1O)O)C2=NNC(=C2C3=CC4=C(C=C3)OCCO4)C,-1.610497075,1,2
162,CCC1=CC2CC(C3=C(CN(C2)C1)C4=CC=CC=C4N3)(C5=C(C=C6C(=C5)C78CCN9C7C(C=CC9)(C(C(C8N6C)(C(=O)OC)O)OC(=O)C)CC)OC)C(=O)OC,-0.41239422,1,1
163,CCC1=CN=CN=C1N2CCN(CC2)CC3=NC4=C(N3)C=C(C=C4)C(F)(F)F,-0.296144472,1,1
164,CCCC1=C(C(=O)NC(=C1)C)CNC(=O)C2=C3C=NN(C3=CC(=C2)C4=CC(=NC=C4)N5CCN(CC5)C)C(C)C,0.504526083,0,1
165,CCCS(=O)(=O)NC1=C(C(=C(C=C1)F)C(=O)C2=CNC3=C2C=C(C=N3)Cl)F,-0.563512298,1,1
166,CCN(CC)CCCCNC1=NC2=NC(=C(C=C2C=N1)C3=CC(=CC(=C3)OC)OC)NC(=O)NC(C)(C)C,0.674942476,0,1
167,CCN1C(=NC(=N1)C2CCN(CC2)C(=O)CCO)C3=CN=C(C(=N3)C4=NN=C(O4)C(C)(C)C)N,-0.36878119,1,1
168,CCN1C=C(C2=C(C1=O)C=C(S2)C(=NC3CCS(=O)(=O)CC3)N)C4=CC(=CC=C4)C(F)(F)F,0.035275496,0,1
169,CCN1C2=CC(=NC=C2N=C1C3=NON=C3N)OC4=CC=CC(=C4)NC(=O)C5=CC=C(C=C5)OCCN6CCOCC6,-1.061876614,1,2
170,CCNC(=O)C1=NOC(=C1C2=CC=C(C=C2)CN3CCOCC3)C4=CC(=C(C=C4O)O)C(C)C,-1.082211653,1,2
171,CCNC(=O)CC1C2=NN=C(N2C3=C(C=C(C=C3)OC)C(=N1)C4=CC=C(C=C4)Cl)C,-0.73432456,1,1
172,CCOC1=C(C(=CC(=N1)NC(=O)CC2=C(C=CC(=C2)OC)OC)N)C#N,0.868928021,0,1
173,CCOC1=C(C=CC(=C1)N2CCC(CC2)O)NC3=NC=C4C(=N3)N(C5=CC=CC=C5C(=O)N4C)C,0.189323377,0,1
174,CN(C(=S)C1=CC=CC=C1)NC(=O)CC(=O)NN(C)C(=S)C2=CC=CC=C2,-0.838143028,1,1
175,CN(C)CC=CC(=O)NC1=C(C=C2C(=C1)C(=NC=N2)NC3=CC(=C(C=C3)F)Cl)OC4CCOC4,-0.381790821,1,1
176,CN(C)CC=CC(=O)NC1=CC=C(C=C1)C(=O)NC2=CC=CC(=C2)NC3=NC=CC(=N3)C4=CN=CC=C4,0.773405159,0,1
177,CN(C)CCC(CSC1=CC=CC=C1)NC2=C(C=C(C=C2)S(=O)(=O)NC(=O)C3=CC=C(C=C3)N4CCN(CC4)CC5=CC=CC=C5C6=CC=C(C=C6)Cl)[N+](=O)[O-],0.54398456,0,1
178,CN(C)CCOC1=CC=C(C=C1)C2=NC(=C(N2)C3=CC=NC=C3)C4=CC5=C(C=C4)C(=NO)CC5,0.702184529,0,1
179,CN(CC1=CN=C2C(=N1)C(=NC(=N2)N)N)C3=CC=C(C=C3)C(=O)NC(CCC(=O)O)C(=O)O,1.246010886,0,0
180,CN1C(=C(C=N1)Cl)C2=C(OC(=C2)C(=O)NC(CC3=CC(=C(C=C3)F)F)CN)Cl,-0.608637403,1,1
181,CN1C(=C(C=N1)Cl)C2=C(SC(=C2)C(=O)NC(CC3=CC(=CC=C3)F)CN)Cl,-0.125006459,1,1
182,CN1C(=NC=N1)C2C(NC3=CC(=CC4=C3C2=NNC4=O)F)C5=CC=C(C=C5)F,-0.127029132,1,1
183,CN1C(=O)N2C=NC(=C2N=N1)C(=O)N,0.143157626,0,1
184,CN1C=C(C=N1)C2=C3N=C(C(=C(N3N=C2)N)Br)C4CCCNC4,0.829053282,0,1
185,CN1C=C(C2=C(N=CN=C21)N)C3=CC4=C(C=C3)N(CC4)C(=O)CC5=CC(=CC=C5)C(F)(F)F,-0.989278404,1,1
186,CN1C=C(C2=CC=CC=C21)C=C3C4=C(C=CC=N4)NC3=O,-0.287623272,1,1
187,CN1C=C(C2=CC=CC=C21)C3=C(C(=O)NC3=O)C4=C(C=C(C=C4)Cl)Cl,-0.673866576,1,1
188,CN1C=C(C2=CC=CC=C21)C3=NC(=NC=C3)NC4=C(C=C(C(=C4)NC(=O)C=C)N(C)CCN(C)C)OC,-0.313968527,1,1
189,CN1C=NC2=C1C=C(C(=C2F)NC3=C(C=C(C=C3)Br)Cl)C(=O)NOCCO,-1.518062226,1,2
190,CN1CCN(CC1)CCCOC2=C(C=C3C(=C2)N=CC(=C3NC4=CC(=C(C=C4Cl)Cl)OC)C#N)OC,-0.120064175,1,1
191,CNC(=O)C1=CC=CC=C1SC2=CC3=C(C=C2)C(=NN3)C=CC4=CC=CC=N4,-0.191937478,1,1
192,CNC(=O)CN1CCC(CC1)OC2=C(C=C3C(=C2)C(=NC=N3)NC4=C(C(=CC=C4)Cl)F)OC,-0.433684617,1,1
193,CNC(=O)CN1CCC(CC1)OC2=C(C=C3C(=C2)C(=NC=N3)NC4=C(C(=CC=C4)Cl)F)OC,-0.503118979,1,1
194,CNCC1=CC=C(C=C1)C2=C3CCNC(=O)C4=C3C(=CC(=C4)F)N2,0.037738882,0,1
195,COC1=C(C(=C2C(=C1)C(=O)NC(N2)(NC(=O)OC)NC(=O)OC)OC)OC,-0.109291314,1,1
196,COC1=C(C(=CC=C1)F)C2=NCC3=CN=C(N=C3C4=C2C=C(C=C4)Cl)NC5=CC(=C(C=C5)C(=O)O)OC,-0.604420935,1,1
197,COC1=C(C=C2C(=C1)C(=NC=N2)NC3=CC=C(C=C3)NC(=O)C4=CC=CC=C4)OCCCN5CCOCC5,-0.184168842,1,1
198,COC1=C(C=C2C(=C1)N=CN=C2NC3=CC(=C(C=C3)F)Cl)OCCCN4CCOCC4,-0.436822529,1,1
199,COC1=CC(=C(C(=C1NS(=O)(=O)C2(CC2)CC(CO)O)NC3=C(C=C(C=C3)I)F)F)F,-1.937979351,1,2
200,COC1=CC(=CC(=C1O)OC)C2C3C(COC3=O)C(C4=CC5=C(C=C24)OCO5)OC6C(C(C7C(O6)COC(O7)C8=CC=CS8)O)O,-0.696273926,1,1
201,COC1=CC(=CC(=C1OC)OC)C=CC(=O)N2CCC=CC2=O,-0.532989209,1,1
202,COC1=CC(=CC(=C1OC)OC)C2C3C(COC3=O)C(C4=CC5=C(C=C24)OCO5)Br,-0.760837683,1,1
203,COC1=CC=C(C=C1)C(=O)CC2(C3=C(C=CC(=C3NC2=O)Cl)Cl)O,-0.43348223,1,1
204,COC1=CC=C(C=C1)CN2C=CC3=C2C=C(C=C3)C(=O)NO,-0.314248706,1,1
205,COC1=CC=C(C=C1)N2C(=NN=C2SCCCN3C(=O)C4=CC=CC5=C4C(=CC=C5)C3=O)C6=CC=NC=C6,-0.920699687,1,1
206,COC1=CC=CC2=C1NC(=C2)C3=C4C(=NC=NN4C(=N3)C5CCC(CC5)C(=O)O)N,1.17588379,0,0
207,COC1=CC2=C(C=CN=C2C=C1OCCCN3CCOCC3)OC4=C(C=C(C=C4)NC(=O)C5(CC5)C(=O)NC6=CC=C(C=C6)F)F,-0.392145695,1,1
208,COC1=NC(=NC2=C1N=CN2C3C(C(C(O3)CO)O)O)N,0.283705761,0,1
209,COCC1(C(=O)C2CCN1CC2)CO,-0.732630426,1,1
210,COCCOC1=C(C=C2C(=C1)C(=NC=N2)NC3=CC=CC(=C3)C#C)OCCOC,-0.336222947,1,1
211,CS(=O)(=O)C1=CC(=C(C=C1)C(=O)NC2=CC(=C(C=C2)Cl)C3=CC=CC=N3)Cl,-0.303209767,1,1
212,CS(=O)(=O)C1=CC=C(C=C1)C2=CN=C(C(=N2)C(=O)NC3=CC=CC=C3)N,-0.421482901,1,1
213,CS(=O)(=O)CCNCC1=CC=C(O1)C2=CC3=C(C=C2)N=CN=C3NC4=CC(=C(C=C4)OCC5=CC(=CC=C5)F)Cl,-0.554955538,1,1
214,CS(=O)(=O)N1CCN(CC1)CC2=CC3=C(S2)C(=NC(=N3)C4=C5C=NNC5=CC=C4)N6CCOCC6,-1.020070409,1,2
215,N.N.Cl[Pt]Cl,-0.348234268,1,1
216,NC(=O)C1=NC=CC(=C1)OC2=CC=C(C=C2)NC(=O)NC3=CC(=C(C=C3)Cl)C(F)(F)F,-0.240541291,1,1
217,CC1=CCC(C=C1)C(C)C,2,0,0
218,CC1=CC=C(CC1)C(C)C,2,0,0
219,CC1=CC(=CC=C1)C(C)C,2,0,0
220,CC1=CCC(CC1)C(=C)C,2,0,0
221,CC(C)C1CCC(=C)C=C1,2,0,0
222,CC(=CCC=C(C)C=C)C,2,0,0
223,CCCCCCCCC=O,2,0,0
224,CC1=CCC(CC1)(C(C)C)O,2,0,0
225,CC1=CCC(CC1)C(C)(C)O,2,0,0
226,CC(C)C1CCC(=CC1)C=O,2,0,0
227,CC1=CCC2C3C1C2(CCC3C(C)C)C,2,0,0
228,CC1CCC2C(C2(C)C)C3=C1CCC3C,2,0,0
229,CC(=C)C1CCC(C(C1)C(=C)C)(C)C=C,2,0,0
230,CC1=C2C3C(C3(C)C)CCC2(CCC1)C,2,0,0
231,CC1(C2C1C3C(=C)CCCC3(CC2)C)C,2,0,0
232,CC1(CCC=C2C1CCC(C2)(C)O)C,2,0,0
233,CC1CCC2C1C3C(C3(C)C)CCC2=C,2,0,0
234,CC1CCC23CC1C(C2CCC3C)(C)C,2,0,0
235,CC1CCC(C2=CC(=CCC12)C)C(C)C,2,0,0
236,CC1=CC2C(CC1)C(=C)CCCC2(C)C,2,0,0
237,CC1CCC2C(CC=C(C2=C1)C(C)C)C,2,0,0
238,CC1=CCC(C=CCC(=CCC1)C)(C)C,2,0,0
239,CC1CCC2C1C3C(C3(C)C)CCC2=C,2,0,0
240,CC1=CC2C(CC1)C(=C)CCC2C(C)C,2,0,0
241,CC1=CCCC(=C)C=CC(CC1)C(C)C,2,0,0
242,CC1=CCC2C(C1)C(CC=C2C)C(C)C,2,0,0
243,CC1CCC2=C(CCC3C(C12)C3(C)C)C,2,0,0
244,CC1=CC2C(CC1)C(=CCC2C(C)C)C,2,0,0
245,CC1=CC2C(CCC(=C2CC1)C)C(C)C,2,0,0
246,CC1=CC2C(CC1)C(=C)CCC2C(C)C,2,0,0
247,CC1=CC2C(CCC(=C2CC1)C)C(C)C,2,0,0
248,CC1CCC(C2=C1C=CC(=C2)C)C(C)C,2,0,0
249,CC1CCC(=C2C1CCC(=C2)C)C(C)C,2,0,0
250,CC1=CCC(C2=C1C=CC(=C2)C)C(C)C,2,0,0
251,CC1CCC2C1C3C(C3(C)C)CCC2(C)O,2,0,0
252,CC1(C2C1C3C(CCC3(C)O)C(=C)CC2)C,2,0,0
253,CC1CCC2C1C3C(C3(C)C)CCC2(C)O,2,0,0
254,CC1CCCC2(C1=CC(CC2)C(C)(C)O)C,2,0,0
255,CC1CCC(C2C1(CCC(=C2)C)O)C(C)C,2,0,0
256,CC1(C2C1C3C(CCC3(C)O)C(=C)CC2)C,2,0,0
257,CC1=CC2C(CCC(C2CC1)(C)O)C(C)C,2,0,0
258,CC1=CCC2CC1C2(C)C,2,0,0
259,CC1(C2CCC(C2)C1=C)C,2,0,0
260,CC1(C2CCC(=C)C1C2)C,2,0,0
261,CC1(C2CCC1(C(=O)C2)C)C,2,0,0
262,CC1(C2CCC(C2)C1(C)O)C,2,0,0
263,CC1(C2CCC1(C(C2)O)C)C,2,0,0
264,CC(=O)OC1CC2CCC1(C2(C)C)C,2,0,0
265,CC1=CCCC(C1=C)(C)C,2,0,0
266,CC1CCC(C2C13C2C(=CC3)C)C(C)C,2,0,0
267,CC(C)C1CCC2(C1C3C2CCC3=C)C,2,0,0
268,CC(=C)C1CCC(C(C1)C(=C)C)(C)C=C,2,0,0
269,CC1CCC2C(C2(C)C)C3=C(CCC13)C,2,0,0
270,CC1CCC(C2=CC(=C)CCC12)C(C)C,2,0,0
271,CC(C)C1=CC(=C(C)C)CCC1(C)C=C,2,0,0
272,CC1=CC2C(CC1)C(=CCC2C(C)C)C,2,0,0
273,CC(=C)C1CCC2(CCCC(=C)C2C1)C,2,0,0
274,CC1=C2C=C(CCC2(CCC1)C)C(C)C,2,0,0
275,CC1CCC=C2C1(CC(CC2)C(=C)C)C,2,0,0
276,CC1=CCCC2(C1CC(CC2)C(=C)C)C,2,0,0
277,CC1=CC2C(CCC(=C2CC1)C)C(C)C,2,0,0
278,CC1=CC2C(CC1)C(=C)CCC2C(C)C,2,0,0
279,CC1CCC(=C2C1CCC(=C2)C)C(C)C,2,0,0
280,CC1CCC2C(CCC(C2=C1)(C(C)C)O)C,2,0,0
281,CC1=CC2=C(C=C1)C(=C)CCC2C(C)C,2,0,0
282,CC1CC2C(C=CC(=C2C=C1)C)C(C)C,2,0,0
283,CC1(CC2C1CCC3(C(O3)CCC2=C)C)C,2,0,0
284,CC12CCCC(=C)C1CC(CC2)C(C)(C)O,2,0,0
285,CC1=CCC(C=CCC2(C(O2)CC1)C)(C)C,2,0,0
286,CC1CCC(C2C1(CCC(=C2)C)O)C(C)C,2,0,0
287,CC1=C2CCC(C2C3C(C3(C)C)CC1)(C)O,2,0,0
288,CC1CCC(CC2=C1CCC2C)C(C)(C)O,2,0,0
289,CC1=CCC2C(C1)C(CCC2(C)O)C(C)C,2,0,0
290,CC1=CCC2C(C1)C(CCC2(C)O)C(C)C,2,0,0
291,CC(=C1CCC2(CCCC(C2C1)(C)O)C)C,2,0,0
292,CC(=O)C=C=CC(C)(C)CCC1(CO1)C(=O)C,2,0,0
293,CC1=C(C(CCC1)(C)C)CC=C(C)CO,2,0,0
294,CC1=C(C(CCC1)(C)C)C=CC(=CC=CC(=CC=O)C)C,2,0,0
295,CC(=C)C1C=CCCC1(C)C=C,2,0,0
296,CC1=CCCC(=CC=CCC1)C,2,0,0
297,CC(C)C1=CC(C(CC1)(C)C=C)C(=C)C,2,0,0
298,CC1(CCC2C1C=CCCC2=C)O,2,0,0
299,CC1CCC(C2C13C2C(=C)CC3)C(C)C,2,0,0
300,CC1(CCC2C1C=CCCC2=C)O,2,0,0
301,CC1=CCC2CC1C2(C)CCC=C(C)C,2,0,0
302,CC(=CCCC(=CCCC(=C)C=C)C)C,2,0,0
303,CC1=CC=C(C=C1)C(C)CCC=C(C)C,2,0,0
304,CC1=CCCC(=CC2C(C2(C)C)CC1)C,2,0,0
305,CC1=CCC(CC1)C(=C)CCC=C(C)C,2,0,0
306,CC(=CCCC1(C2CCC(O1)(CC2)C)C)C,2,0,0
307,CC(CCC=C(C)C)C12CCC(C1C2)(C)O,2,0,0
308,CC1=CCCC(=CCC(=C(C)C)CC1)C,2,0,0
309,CC(=CCCC(=CCCC(C)(C=C)O)C)C,2,0,0
310,CC(C)C1CCC2(C1CC(=C)CCC2=O)C,2,0,0
311,CC1=C2CC(CCC2(CCC1)C)C(C)(C)O,2,0,0
312,CC1(C(CCC1(C)C(=O)O)C(=O)O)C,2,0,0
313,CC1CCC2C1C3C(C3(C)C)CCC24CO4,2,0,0
314,CC1=CCCC2(C1CC(CC2)C(C)(C)O)C,2,0,0
315,CC(=CCCC(C)(C1CCC(=C)CC1)O)C,2,0,0
316,C=CC1CCC(=C)C2C1C=C(CC2)CO,2,0,0
317,CC1=CCC(CC1)C(C)(CCC=C(C)C)O,2,0,0
318,CC1=CCC(CC1)C(C)(CCC=C(C)C)O,2,0,0
319,CC12CCCC(=C)C1CC(CC2)C(=C)CO,2,0,0
320,CC(=CCCC(=C)C=C)C,2,0,0
321,CC(=CCCC(C)(C=C)O)C,2,0,0
322,CC(CCC=C(C)C)CC=O,2,0,0
323,CCCCCCC=CCO,2,0,0
324,CC(=CCCC(=CCCC(=O)C)C)C,2,0,0
325,CC(CCC=C(C)C)C12CCC(=C)C1C2,2,0,0
326,CC1=CCC2(CCC(C2=CC1)C(C)C)C,2,0,0
327,CC(C)C(=O)OCC=C(C)CCC=C(C)C,2,0,0
328,CC(CCC=C(C)C)C1CCC(=C)C=C1,2,0,0
329,CC1=CCC(=C(C)CCC=C(C)C)CC1,2,0,0
330,CC1CCC(C12CCC(=CC2)C)C(C)(C)O,2,0,0
331,CC(=CCCC(=CCCC(=CC=O)C)C)C,2,0,0
332,CCCCCCCCCCCCCCCC(=O)O,2,0,0
333,CCCCCC=CCC=CCCCCCCCC(=O)O,2,0,0
334,CCCCCCCCC=CCCCCCCCC(=O)O,2,0,0
335,CC1(CCCC2(C1CCC3(C2CCC(C3)(C)C=C)O)C)C,2,0,0
336,CC(C)(C=C)C=CC(C)(C)O,2,0,0
337,CC1(C2CCC(O1)(CC2)C)C,2,0,0
338,CC1CCC(C2C1CCC(=C2)C)C(=C)CO,2,0,0
339,CC1C2CC2(CC1=O)C(C)C,2,0,0
340,CC1=C(C=C(C=C1)C(C)C)O,2,0,0
341,CC1C2CC2(CC1=O)C(C)C,2,0,0
342,CC(=CCCC(=CC=O)C)C,2,0,0
343,CC(=CCCC(=CC=O)C)C,2,0,0
344,CCCCCC(CCC)O,2,0,0
345,CC(=CCCC(=O)C)C,2,0,0
346,CC(CCC=C(C)C)CCOC(=O)N,2,0,0
347,CC(=CCCC(=CCOC(=O)C)C)C,2,0,0
348,CC(=O)C1=CC=CC=C1,2,0,0
349,CC1CCC2(C(C3CCC2(C1C3)C)(C)C)O,2,0,0
350,CC1CCC(CC2=C(CCC12)C)C(=C)C,2,0,0
351,CC1CCC2=C(CCC(CC12)C(=C)C)C,2,0,0
352,CC1CCC2=C(CCC(=C(C)C)CC12)C,2,0,0
353,CC1(C2CCC(C2)C1=C)C,2,0,0
354,CC1(C2CCC1(C(=O)C2)C)C,2,0,0
355,CC1=CC2C(CCC(=C2CC1)C)C(C)C,2,0,0
356,CC1=CCC2C3C1C2(CCC3C(C)C)C,2,0,0
357,CC(C)C1(C2CC(=C)CCC2C3(C1C3)C)O,2,0,0
358,CC(=C)C1CC(CCC1(C)C=C)C(C)(C)O,2,0,0
359,CC(C)C1=CC(=C(C)C)C(=O)C[C@]1(C)C=C,2,0,0
360,CC1C(CCC2C1(CCC3C2(CCC4(C3(CCC5(C4CC(CC5)(C)C)C)C)C)C)C)O,2,0,0
361,CC(=CCCC(=CCCC(=CCO)C)C)C,2,0,0
362,CC1C(=O)CCC2C1(CCC3C2(CCC4(C3(CCC5(C4CC(CC5)(C)C)C)C)C)C)C,2,0,0
363,CC1=CCCC(=CCC(CC1)C(=C)C)C,2,0,0
364,CC1CCC(CC2=C1CCC2C)C(=C)C,2,0,0
365,CC1CCC2=C(CCC(CC12)C(=C)C)C,2,0,0
366,CC1CCC(C=C2C1CCC2C)C(=C)C,2,0,0
367,CCCCCCC=O,2,0,0
368,CC1(C2CC=C(C1C2)CO)C,2,0,0
369,CC1(C2CCC3(C1(CC=CC3C2)O)C)C,2,0,0
370,CCCCCC(CC)O,2,0,0
371,CC1(CCC2(CCC3(C(=CCC4C3(CCC5C4(CCC(C5(C)C)O)C)C)C2C1)C)C(=O)O)C,2,0,0
372,CC1CCC23C1CC(C2(C)C)CC=C3C,2,0,0
373,CC1CCC2=C1CC3CCC2(C3(C)C)C,2,0,0
374,CC1CCC23C1CC(C2(C)C)CCC3=C,2,0,0
375,CC1CC=C2C1CC3CCC2(C3(C)C)C,2,0,0
376,CC1CCC2C1CC(CCC2(C)O)C(=C)C,2,0,0
377,CC1=CC(=C(C(=O)O1)C(=O)CCC(C)C)O,2,0,0
378,CC1CCC2(C(=C)C3CCC2(C1C3)C)C,2,0,0
379,COC1=C(C=CC(=C1)CC=C)O,2,0,0
380,CC1=CC=C(C=C1)C(C)C,2,0,0
381,COC(=O)C1=CC=CC=C1O,2,0,0
382,COC1=CC=C(C=C1)CC=C,2,0,0
383,C=CCC1=CC=C(C=C1)O,2,0,0
384,CC=CC1=CC=C(C=C1)OC,2,0,0
385,COC1=CC=C(C=C1)C=O,2,0,0
386,CC=CC1=CC=C(C=C1)OC,2,0,0
387,CC(=O)CCC1=CC=C(C=C1)OC,2,0,0
388,COC1=C(C=C(C=C1)CC=C)OC,2,0,0
389,CC(=O)OC1=C(C=C(C=C1)CC=C)OC,2,0,0
390,CC1CCC(C(=CCC2C1CC2(C)C)C)O,2,0,0
391,CC(=CCCC(=CCC(CO)C(=C)C)C)C,2,0,0
392,CC1=CC2C(CCC(C2CC1)(C)O)C(C)C,2,0,0
393,CC=CC1=CC=C(C=C1)OCC=C(C)C,2,0,0
394,CC1=CCC2(C1C2)C(C)C,2,0,0
395,CC(=C)CCCC(=C)C=C,2,0,0
396,CC1=CCC(CC1)C(=C)C,2,0,0
397,CC(C)C12CCC(=C)C1C2,2,0,0
398,CC1(C2CCC1(C(C2)O)C)C,2,0,0
399,CC1CCC(=C(C)C)CC2=C1CCC2C,2,0,0
400,CC(C)CCCC(C)CCCC(C)CCCC(=CCO)C,2,0,0
401,CC1CCC2C1C3C(C3(C)C)CCC2=C,2,0,0
402,CC1CCC=C2C1(C3C(C3(C)C)CC2)C,2,0,0
403,CCCCOC(=O)C1=CC=CC=C1,2,0,0
404,C1=COC=C1C=O,2,0,0
405,C1=CC=C(C=C1)C=O,2,0,0
406,CCCCCCCO,2,0,0
407,CCCCCC(C=C)O,2,0,0
